/* rolesテーブル */
INSERT IGNORE INTO roles (id, name) VALUES (1, 'ROLE_GENERAL');
INSERT IGNORE INTO roles (id, name) VALUES (2, 'ROLE_ADMIN');

/* usersテーブル（住所・電話番号関連の項目を削除） */
INSERT IGNORE INTO users (id, name, furigana, email, password, role_id, enabled) VALUES
(1, '侍 太郎', 'サムライ タロウ', 'taro.samurai@example.com', '$2a$10$2JNjTwZBwo7fprL2X4sv.OEKqxnVtsVQvuXDkI8xVGix.U3W5B7CO', 1, true),
(2, '侍 花子', 'サムライ ハナコ', 'hanako.samurai@example.com', '$2a$10$2JNjTwZBwo7fprL2X4sv.OEKqxnVtsVQvuXDkI8xVGix.U3W5B7CO', 2, true),
(3, '侍 義勝', 'サムライ ヨシカツ', 'yoshikatsu.samurai@example.com', 'password', 1, false),
(4, '侍 幸美', 'サムライ サチミ', 'sachimi.samurai@example.com', 'password', 1, false),
(5, '侍 雅', 'サムライ ミヤビ', 'miyabi.samurai@example.com', 'password', 1, false),
(6, '侍 正保', 'サムライ マサヤス', 'masayasu.samurai@example.com', 'password', 1, false),
(7, '侍 真由美', 'サムライ マユミ', 'mayumi.samurai@example.com', 'password', 1, false),
(8, '侍 安民', 'サムライ ヤスタミ', 'yasutami.samurai@example.com', 'password', 1, false),
(9, '侍 章緒', 'サムライ アキオ', 'akio.samurai@example.com', 'password', 1, false),
(10, '侍 祐子', 'サムライ ユウコ', 'yuko.samurai@example.com', 'password', 1, false),
(11, '侍 秋美', 'サムライ アキミ', 'akimi.samurai@example.com', 'password', 1, false),
(12, '侍 信平', 'サムライ シンペイ', 'shinpei.samurai@example.com', 'password', 1, false);

/* chat_groupsテーブル */
INSERT IGNORE INTO chat_groups (id, name) VALUES
(1, '旅行好きの集い'),
(2, '広島観光情報'),
(3, '週末ハイキング部'),
(4, 'グルメ探検隊'),
(5, '写真共有グループ'),
(6, '英語学習サロン'),
(7, '猫好きチャット'),
(8, '朝活メンバー'),
(9, '読書クラブ'),
(10, '映画レビュー会'),
(11, 'プログラミング勉強会'),
(12, 'VBA職人の集い'),
(13, 'Excelマニア'),
(14, 'バックエンド開発者会'),
(15, 'SQL研究所'),
(16, 'データ分析ラボ'),
(17, '観光業界トレンド'),
(18, '地域別宿泊データ共有'),
(19, 'ホテル運営者ネットワーク'),
(20, '業務改善アイデア交換所'),
(21, '自動化ツール開発部'),
(22, 'API連携研究会'),
(23, '翻訳・ローカライズ相談室'),
(24, 'UI/UX改善チーム'),
(25, 'チャットボット開発者会'),
(26, '広島グルメマップ'),
(27, '廿日市市ローカル情報'),
(28, '温泉好きの会'),
(29, '旅館経営者フォーラム'),
(30, '観光統計データ共有');

/* messagesテーブル */
INSERT IGNORE INTO messages (id, user_id, content, chat_group_id, created_at) VALUES
(1, 1, '今週末、箱根に行こうと思ってます！おすすめありますか？', 1, '2025-08-24 09:15:00'),
(2, 2, '広島駅周辺でおすすめのカフェありますか？', 1, '2025-08-24 10:30:00'),
(3, 3, '次回のハイキングは高尾山にしませんか？',1, '2025-08-24 11:45:00'),
(4, 4, '昨日食べたラーメンが最高でした！写真アップします！', 1, '2025-08-24 12:00:00'),
(5, 5, '夏の空、綺麗だったので共有します📸', 1, '2025-08-24 13:20:00'),
(6, 6, '英語の勉強法でおすすめのアプリありますか？', 1, '2025-08-24 14:10:00'),
(7, 7, 'うちの猫が新しい技を覚えました！', 1, '2025-08-24 15:05:00'),
(8, 8, '明日の朝活、6時から公園でランニングします！', 1, '2025-08-24 16:00:00'),
(9, 9, '今読んでる本「流浪の月」、すごく良いです。', 1, '2025-08-24 17:30:00'),
(10, 10, '「オッペンハイマー」観ました！感想語りたい！', 1, '2025-08-24 18:45:00'),
(11, 1, 'JavaのStream API、便利ですね！', 1, '2025-08-25 09:00:00'),
(12, 2, 'VBAで月次レポート自動化できました！', 1, '2025-08-25 10:15:00'),
(13, 3, 'ExcelのINDIRECT関数、使いこなせると強いですね。', 1, '2025-08-25 11:30:00'),
(14, 4, 'Spring BootでREST API作ってみました。', 1, '2025-08-25 12:45:00'),
(15, 5, 'SQLのウィンドウ関数、集計に便利ですね。', 2, '2025-08-25 13:50:00'),
(16, 6, '観光業界のインバウンド回復、注目ですね。', 2, '2025-08-25 14:55:00'),
(17, 7, '地域別宿泊データ、月次で更新しました。', 2, '2025-08-25 16:10:00'),
(18, 8, 'ホテルの稼働率、今月は85%でした。', 2, '2025-08-25 17:25:00'),
(19, 9, '業務改善でRPA導入を検討中です。', 2, '2025-08-25 18:40:00'),
(20, 10, 'Pythonで自動化ツール作ってみました。', 2, '2025-08-25 19:55:00'),
(21, 1, 'API連携で予約サイトと在庫同期できました。', 2, '2025-08-26 08:10:00'),
(22, 2, '翻訳メモリの活用で効率上がりました。', 2, '2025-08-26 09:25:00'),
(23, 3, 'UI改善で離脱率が10%減りました。', 2, '2025-08-26 10:40:00'),
(24, 4, 'チャットボットにFAQ機能追加しました。', 3, '2025-08-26 11:55:00'),
(25, 5, '広島の牡蠣マップ、更新しました！', 3, '2025-08-26 13:10:00'),
(26, 6, '廿日市市の花火大会、今年も開催されます！', 3, '2025-08-26 14:25:00'),
(27, 7, '温泉巡り、次は別府に行きたいです。', 3, '2025-08-26 15:40:00'),
(28, 8, '旅館の予約システム、改善しました。', 3, '2025-08-26 16:55:00'),
(29, 9, '観光統計データ、前年比で20%増でした。', 3, '2025-08-26 18:10:00'),
(30, 11, 'SQL研究所で新しいクエリパターンを試しました。', 15, '2025-08-27 09:00:00'),
(31, 12, '観光業界の統計データ、更新しました。', 30, '2025-08-27 09:15:00'),
(32, 1, '業務改善アイデア、共有します！', 20, '2025-08-27 09:30:00'),
(33, 2, 'API連携の設計方針について議論しませんか？', 22, '2025-08-27 09:45:00'),
(34, 3, '翻訳メモリの精度向上について知見ありますか？', 23, '2025-08-27 10:00:00'),
(35, 4, 'UI改善でユーザー満足度が上がりました。', 24, '2025-08-27 10:15:00'),
(36, 5, 'チャットボットに自然言語処理を導入しました。', 25, '2025-08-27 10:30:00'),
(37, 6, '広島グルメマップに新店舗追加しました。', 26, '2025-08-27 10:45:00'),
(38, 7, '廿日市市のローカルイベント情報です。', 27, '2025-08-27 11:00:00'),
(39, 8, '温泉好きの会でおすすめの宿を紹介します。', 28, '2025-08-27 11:15:00'),
(40, 9, '旅館経営者向けのセミナー情報です。', 29, '2025-08-27 11:30:00'),
(41, 10, 'Excelマニア向けの関数Tipsを共有します。', 13, '2025-08-27 11:45:00'),
(42, 11, 'データ分析ラボでPythonの可視化ライブラリを紹介。', 16, '2025-08-27 12:00:00'),
(43, 12, '地域別宿泊データの傾向を分析しました。', 18, '2025-08-27 12:15:00'),
(44, 1, '朝活メンバーで読書会を開きます。', 8, '2025-08-27 12:30:00'),
(45, 2, '猫好きチャットでうちの猫の写真を共有します。', 7, '2025-08-27 12:45:00'),
(46, 3, '英語学習サロンでおすすめ教材を紹介。', 6, '2025-08-27 13:00:00'),
(47, 4, 'グルメ探検隊で新しいラーメン屋を発見！', 4, '2025-08-27 13:15:00'),
(48, 5, '写真共有グループで夏の風景をアップしました。', 5, '2025-08-27 13:30:00'),
(49, 6, '映画レビュー会で「君たちはどう生きるか」を語りたい。', 10, '2025-08-27 13:45:00'),
(50, 7, '読書クラブで村上春樹の新刊について話しましょう。', 9, '2025-08-27 14:00:00'),
(51, 8, '週末ハイキング部で次回の山を決めましょう。', 3, '2025-08-27 14:15:00'),
(52, 9, 'プログラミング勉強会でSpring Bootの構成を解説。', 11, '2025-08-27 14:30:00'),
(53, 10, 'VBA職人の集いでコードの最適化について議論。', 12, '2025-08-27 14:45:00'),
(54, 11, 'バックエンド開発者会でセキュリティ設計の話を。', 14, '2025-08-27 15:00:00'),
(55, 12, '自動化ツール開発部でGitHub Actionsの活用事例。', 21, '2025-08-27 15:15:00'),
(56, 1, '観光業界トレンドでインバウンド回復の兆し。', 17, '2025-08-27 15');


INSERT IGNORE INTO chat_group_members (id, chat_group_id, user_id, joined_at) VALUES
(11, 1, 1, '2025-08-01 10:00:00'),
(12, 2, 2, '2025-08-01 10:05:00'),
(13, 4, 3, '2025-08-01 10:10:00'),
(14, 6, 4, '2025-08-01 10:15:00'),
(15, 8, 5, '2025-08-01 10:20:00'),
(16, 9, 6, '2025-08-01 10:25:00'),
(17, 11, 7, '2025-08-01 10:30:00'),
(18, 13, 8, '2025-08-01 10:35:00'),
(19, 14, 9, '2025-08-01 10:40:00'),
(20, 15, 10, '2025-08-01 10:45:00'),
(21, 17, 11, '2025-08-01 10:50:00'),
(22, 19, 12, '2025-08-01 10:55:00'),
(23, 20, 1, '2025-08-01 11:00:00'),
(24, 22, 2, '2025-08-01 11:05:00'),
(25, 23, 3, '2025-08-01 11:10:00'),
(26, 24, 4, '2025-08-01 11:15:00'),
(27, 26, 5, '2025-08-01 11:20:00'),
(28, 27, 6, '2025-08-01 11:25:00'),
(29, 28, 7, '2025-08-01 11:30:00'),
(30, 29, 8, '2025-08-01 11:35:00'),
(31, 30, 9, '2025-08-01 11:40:00'),
(32, 18, 10, '2025-08-01 11:45:00'),
(33, 16, 11, '2025-08-01 11:50:00'),
(34, 12, 12, '2025-08-01 11:55:00'),
(35, 5, 1, '2025-08-01 12:00:00'),
(36, 7, 2, '2025-08-01 12:05:00'),
(37, 10, 3, '2025-08-01 12:10:00'),
(38, 21, 4, '2025-08-01 12:15:00'),
(39, 25, 5, '2025-08-01 12:20:00'),
(40, 6, 6, '2025-08-01 12:25:00');

INSERT IGNORE INTO favorites (id, user_id, chat_group_id, favorited_at) VALUES
(1, 1, 1, '2025-08-01 10:00:00'),
(2, 2, 2, '2025-08-01 10:05:00'),
(3, 3, 3, '2025-08-01 10:10:00'),
(4, 4, 4, '2025-08-01 10:15:00'),
(5, 5, 5, '2025-08-01 10:20:00'),
(6, 6, 6, '2025-08-01 10:25:00'),
(7, 7, 7, '2025-08-01 10:30:00'),
(8, 8, 8, '2025-08-01 10:35:00'),
(9, 9, 9, '2025-08-01 10:40:00'),
(10, 10, 10, '2025-08-01 10:45:00'),
(11, 11, 11, '2025-08-01 10:50:00'),
(12, 12, 12, '2025-08-01 10:55:00'),
(13, 1, 13, '2025-08-01 11:00:00'),
(14, 2, 14, '2025-08-01 11:05:00'),
(15, 3, 15, '2025-08-01 11:10:00'),
(16, 4, 16, '2025-08-01 11:15:00'),
(17, 5, 17, '2025-08-01 11:20:00'),
(18, 6, 18, '2025-08-01 11:25:00'),
(19, 7, 19, '2025-08-01 11:30:00'),
(20, 8, 20, '2025-08-01 11:35:00');

